Workbook

Sheet Base_de_Datos
A1: Nombre | B1: CC | C1: Celular | D1: T1_Q1 | E1: T1_Q2 | F1: T1_Q3 | G1: T1_Q4 | H1: T1_Q5 | I1: T1_Q6 | J1: T1_Q7 | K1: T1_Q8 | L1: T1_Q9 | M1: T1_Q10 | N1: T2_Q1 | O1: T2_Q2 | P1: T2_Q3 | Q1: T2_Q4 | R1: T2_Q5 | S1: T2_Q6 | T1: T2_Q7 | U1: T2_Q8 | V1: T2_Q9 | W1: T2_Q10 | X1: T3_Q1 | Y1: T3_Q2 | Z1: T3_Q3 | AA1: T3_Q4 | AB1: T3_Q5 | AC1: T3_Q6 | AD1: T3_Q7 | AE1: T3_Q8 | AF1: T3_Q9 | AG1: T3_Q10 | AH1: T4_Q1 | AI1: T4_Q2 | AJ1: T4_Q3 | AK1: T4_Q4 | AL1: T4_Q5 | AM1: T4_Q6 | AN1: T4_Q7 | AO1: T4_Q8 | AP1: T4_Q9 | AQ1: T4_Q10 | AR1: T5_Q1 | AS1: T5_Q2 | AT1: T5_Q3 | AU1: T5_Q4 | AV1: T5_Q5 | AW1: T5_Q6 | AX1: T5_Q7 | AY1: T5_Q8 | AZ1: T5_Q9 | BA1: T5_Q10 | BB1: T6_Q1 | BC1: T6_Q2 | BD1: T6_Q3 | BE1: T6_Q4 | BF1: T6_Q5 | BG1: T6_Q6 | BH1: T6_Q7 | BI1: T6_Q8 | BJ1: T6_Q9 | BK1: T6_Q10 | BL1: T7_Q1 | BM1: T7_Q2 | BN1: T7_Q3 | BO1: T7_Q4 | BP1: T7_Q5 | BQ1: T7_Q6 | BR1: T7_Q7 | BS1: T7_Q8 | BT1: T7_Q9 | BU1: T7_Q10 | BV1: T8_Q1 | BW1: T8_Q2 | BX1: T8_Q3 | BY1: T8_Q4 | BZ1: T8_Q5 | CA1: T8_Q6 | CB1: T8_Q7 | CC1: T8_Q8 | CD1: T8_Q9 | CE1: T8_Q10 | CF1: T9_Q1 | CG1: T9_Q2 | CH1: T9_Q3 | CI1: T9_Q4 | CJ1: T9_Q5 | CK1: T9_Q6 | CL1: T9_Q7 | CM1: T9_Q8 | CN1: T9_Q9 | CO1: T9_Q10 | CP1: T10_Q1 | CQ1: T10_Q2 | CR1: T10_Q3 | CS1: T10_Q4 | CT1: T10_Q5 | CU1: T10_Q6 | CV1: T10_Q7 | CW1: T10_Q8 | CX1: T10_Q9 | CY1: T10_Q10
A2: Carlos Gomez | B2: 1079219941 | C2: 3197591805 | D2: d | E2: d | F2: d | G2: b | H2: c | I2: b | J2: b | K2: a | L2: d | M2: c | N2: a | O2: b | P2: a | Q2: c | R2: d | S2: d | T2: b | U2: c | V2: b | W2: c | X2: a | Y2: c | Z2: d | AA2: c | AB2: b | AC2: d | AD2: d | AE2: b | AF2: a | AG2: c | AH2: c | AI2: a | AJ2: d | AK2: c | AL2: b | AM2: b | AN2: d | AO2: a | AP2: d | AQ2: a | AR2: a | AS2: b | AT2: a | AU2: d | AV2: a | AW2: a | AX2: c | AY2: c | AZ2: b | BA2: b | BB2: c | BC2: a | BD2: c | BE2: c | BF2: b | BG2: b | BH2: c | BI2: c | BJ2: c | BK2: d | BL2: d | BM2: c | BN2: c | BO2: a | BP2: b | BQ2: a | BR2: a | BS2: c | BT2: c | BU2: c | BV2: d | BW2: d | BX2: a | BY2: d | BZ2: a | CA2: a | CB2: b | CC2: b | CD2: b | CE2: c | CF2: b | CG2: d | CH2: a | CI2: b | CJ2: a | CK2: a | CL2: b | CM2: b | CN2: a | CO2: d | CP2: c | CQ2: a | CR2: c | CS2: c | CT2: b | CU2: c | CV2: b | CW2: a | CX2: d | CY2: d
A3: Ana Hernandez | B3: 1194671857 | C3: 3452976327 | D3: b | E3: c | F3: b | G3: b | H3: c | I3: b | J3: a | K3: c | L3: c | M3: a | N3: b | O3: c | P3: b | Q3: d | R3: d | S3: a | T3: a | U3: d | V3: b | W3: c | X3: d | Y3: b | Z3: a | AA3: b | AB3: a | AC3: c | AD3: d | AE3: c | AF3: c | AG3: a | AH3: d | AI3: a | AJ3: c | AK3: a | AL3: c | AM3: d | AN3: c | AO3: a | AP3: a | AQ3: d | AR3: b | AS3: d | AT3: b | AU3: d | AV3: c | AW3: a | AX3: d | AY3: b | AZ3: b | BA3: b | BB3: d | BC3: d | BD3: a | BE3: c | BF3: c | BG3: c | BH3: a | BI3: b | BJ3: a | BK3: b | BL3: a | BM3: c | BN3: a | BO3: d | BP3: a | BQ3: d | BR3: c | BS3: b | BT3: b | BU3: c | BV3: d | BW3: c | BX3: d | BY3: b | BZ3: d | CA3: b | CB3: b | CC3: a | CD3: b | CE3: b | CF3: a | CG3: a | CH3: d | CI3: c | CJ3: d | CK3: b | CL3: d | CM3: b | CN3: b | CO3: a | CP3: a | CQ3: d | CR3: a | CS3: c | CT3: d | CU3: c | CV3: b | CW3: d | CX3: b | CY3: a
A4: Andres Martinez | B4: 1997836903 | C4: 3589885545 | D4: b | E4: b | F4: d | G4: c | H4: b | I4: d | J4: a | K4: b | L4: c | M4: d | N4: b | O4: d | P4: d | Q4: b | R4: b | S4: a | T4: b | U4: d | V4: c | W4: d | X4: b | Y4: d | Z4: c | AA4: d | AB4: c | AC4: b | AD4: c | AE4: b | AF4: b | AG4: a | AH4: d | AI4: c | AJ4: c | AK4: c | AL4: c | AM4: b | AN4: b | AO4: d | AP4: a | AQ4: a | AR4: d | AS4: c | AT4: b | AU4: b | AV4: b | AW4: c | AX4: c | AY4: a | AZ4: b | BA4: d | BB4: d | BC4: a | BD4: d | BE4: c | BF4: b | BG4: b | BH4: d | BI4: d | BJ4: a | BK4: b | BL4: c | BM4: d | BN4: a | BO4: c | BP4: a | BQ4: c | BR4: b | BS4: b | BT4: d | BU4: b | BV4: d | BW4: d | BX4: a | BY4: c | BZ4: a | CA4: c | CB4: c | CC4: a | CD4: b | CE4: b | CF4: d | CG4: b | CH4: a | CI4: b | CJ4: a | CK4: c | CL4: a | CM4: d | CN4: d | CO4: c | CP4: c | CQ4: c | CR4: a | CS4: b | CT4: c | CU4: d | CV4: a | CW4: a | CX4: c | CY4: d
A5: Sofia Perez | B5: 1333301793 | C5: 3525822615 | D5: a | E5: a | F5: a | G5: a | H5: b | I5: b | J5: d | K5: c | L5: c | M5: c | N5: a | O5: a | P5: d | Q5: b | R5: a | S5: b | T5: c | U5: a | V5: c | W5: d | X5: a | Y5: b | Z5: a | AA5: c | AB5: a | AC5: c | AD5: c | AE5: b | AF5: a | AG5: a | AH5: b | AI5: c | AJ5: b | AK5: b | AL5: a | AM5: d | AN5: a | AO5: c | AP5: c | AQ5: a | AR5: b | AS5: a | AT5: c | AU5: d | AV5: c | AW5: b | AX5: a | AY5: a | AZ5: a | BA5: d | BB5: b | BC5: c | BD5: b | BE5: a | BF5: a | BG5: b | BH5: d | BI5: d | BJ5: a | BK5: b | BL5: a | BM5: b | BN5: d | BO5: b | BP5: c | BQ5: b | BR5: b | BS5: a | BT5: c | BU5: b | BV5: c | BW5: a | BX5: a | BY5: a | BZ5: d | CA5: b | CB5: c | CC5: d | CD5: c | CE5: d | CF5: d | CG5: b | CH5: b | CI5: a | CJ5: a | CK5: b | CL5: a | CM5: d | CN5: b | CO5: c | CP5: d | CQ5: a | CR5: c | CS5: d | CT5: a | CU5: b | CV5: b | CW5: c | CX5: b | CY5: c
A6: Lucia Ramirez | B6: 1155347628 | C6: 3886932333 | D6: c | E6: b | F6: c | G6: b | H6: b | I6: b | J6: b | K6: a | L6: d | M6: b | N6: d | O6: d | P6: d | Q6: b | R6: b | S6: d | T6: d | U6: d | V6: b | W6: c | X6: c | Y6: c | Z6: b | AA6: d | AB6: c | AC6: c | AD6: d | AE6: d | AF6: c | AG6: c | AH6: a | AI6: d | AJ6: b | AK6: a | AL6: b | AM6: d | AN6: b | AO6: a | AP6: c | AQ6: d | AR6: b | AS6: c | AT6: c | AU6: c | AV6: d | AW6: a | AX6: a | AY6: d | AZ6: b | BA6: c | BB6: a | BC6: a | BD6: b | BE6: c | BF6: b | BG6: b | BH6: d | BI6: b | BJ6: b | BK6: d | BL6: c | BM6: a | BN6: a | BO6: b | BP6: c | BQ6: b | BR6: b | BS6: d | BT6: d | BU6: d | BV6: c | BW6: a | BX6: a | BY6: d | BZ6: d | CA6: c | CB6: b | CC6: a | CD6: c | CE6: b | CF6: a | CG6: b | CH6: c | CI6: a | CJ6: c | CK6: d | CL6: b | CM6: a | CN6: a | CO6: b | CP6: b | CQ6: a | CR6: c | CS6: c | CT6: b | CU6: c | CV6: a | CW6: b | CX6: d | CY6: b
A7: Carlos Perez | B7: 1710392306 | C7: 3413503998 | D7: d | E7: b | F7: c | G7: d | H7: d | I7: c | J7: a | K7: a | L7: a | M7: b | N7: b | O7: c | P7: b | Q7: d | R7: a | S7: a | T7: c | U7: a | V7: b | W7: b | X7: a | Y7: b | Z7: d | AA7: d | AB7: b | AC7: c | AD7: b | AE7: c | AF7: a | AG7: a | AH7: c | AI7: a | AJ7: a | AK7: d | AL7: c | AM7: b | AN7: d | AO7: a | AP7: b | AQ7: a | AR7: c | AS7: b | AT7: d | AU7: d | AV7: c | AW7: d | AX7: c | AY7: d | AZ7: c | BA7: b | BB7: d | BC7: a | BD7: b | BE7: d | BF7: a | BG7: d | BH7: a | BI7: b | BJ7: d | BK7: c | BL7: d | BM7: d | BN7: c | BO7: c | BP7: c | BQ7: a | BR7: a | BS7: b | BT7: a | BU7: d | BV7: a | BW7: a | BX7: a | BY7: c | BZ7: b | CA7: b | CB7: b | CC7: a | CD7: a | CE7: b | CF7: b | CG7: d | CH7: a | CI7: d | CJ7: b | CK7: a | CL7: b | CM7: c | CN7: c | CO7: c | CP7: c | CQ7: b | CR7: a | CS7: d | CT7: a | CU7: c | CV7: c | CW7: c | CX7: a | CY7: d
A8: Diego Rodriguez | B8: 1545872092 | C8: 3828341431 | D8: a | E8: b | F8: a | G8: b | H8: d | I8: a | J8: b | K8: c | L8: c | M8: c | N8: d | O8: c | P8: d | Q8: b | R8: d | S8: d | T8: c | U8: b | V8: a | W8: d | X8: a | Y8: d | Z8: d | AA8: b | AB8: b | AC8: b | AD8: d | AE8: a | AF8: d | AG8: c | AH8: b | AI8: d | AJ8: b | AK8: d | AL8: a | AM8: c | AN8: a | AO8: d | AP8: b | AQ8: d | AR8: b | AS8: b | AT8: b | AU8: c | AV8: b | AW8: a | AX8: b | AY8: a | AZ8: a | BA8: d | BB8: a | BC8: d | BD8: b | BE8: a | BF8: b | BG8: d | BH8: a | BI8: a | BJ8: c | BK8: a | BL8: d | BM8: a | BN8: d | BO8: b | BP8: d | BQ8: a | BR8: a | BS8: d | BT8: c | BU8: a | BV8: a | BW8: c | BX8: c | BY8: b | BZ8: b | CA8: b | CB8: c | CC8: d | CD8: b | CE8: c | CF8: a | CG8: a | CH8: a | CI8: c | CJ8: c | CK8: a | CL8: d | CM8: c | CN8: b | CO8: c | CP8: c | CQ8: b | CR8: b | CS8: c | CT8: d | CU8: c | CV8: c | CW8: c | CX8: b | CY8: a
A9: Luis Torres | B9: 1232300701 | C9: 3738188451 | D9: a | E9: a | F9: d | G9: a | H9: b | I9: b | J9: b | K9: d | L9: a | M9: d | N9: d | O9: a | P9: b | Q9: b | R9: d | S9: d | T9: c | U9: c | V9: c | W9: a | X9: c | Y9: d | Z9: c | AA9: b | AB9: b | AC9: d | AD9: a | AE9: a | AF9: a | AG9: d | AH9: d | AI9: d | AJ9: d | AK9: a | AL9: b | AM9: a | AN9: a | AO9: b | AP9: b | AQ9: c | AR9: b | AS9: a | AT9: d | AU9: a | AV9: c | AW9: a | AX9: b | AY9: a | AZ9: d | BA9: d | BB9: d | BC9: c | BD9: d | BE9: a | BF9: b | BG9: d | BH9: a | BI9: c | BJ9: b | BK9: d | BL9: d | BM9: d | BN9: c | BO9: a | BP9: c | BQ9: d | BR9: c | BS9: a | BT9: d | BU9: c | BV9: c | BW9: c | BX9: d | BY9: a | BZ9: a | CA9: b | CB9: a | CC9: a | CD9: c | CE9: a | CF9: c | CG9: a | CH9: a | CI9: d | CJ9: b | CK9: d | CL9: b | CM9: a | CN9: c | CO9: a | CP9: b | CQ9: b | CR9: d | CS9: d | CT9: d | CU9: d | CV9: d | CW9: d | CX9: b | CY9: d
A10: Luis Sanchez | B10: 1900906383 | C10: 3864152938 | D10: b | E10: c | F10: b | G10: a | H10: b | I10: a | J10: d | K10: d | L10: d | M10: a | N10: d | O10: c | P10: d | Q10: a | R10: d | S10: d | T10: d | U10: d | V10: c | W10: a | X10: c | Y10: b | Z10: d | AA10: c | AB10: d | AC10: d | AD10: c | AE10: b | AF10: c | AG10: a | AH10: d | AI10: c | AJ10: c | AK10: d | AL10: d | AM10: c | AN10: d | AO10: b | AP10: d | AQ10: c | AR10: b | AS10: b | AT10: d | AU10: c | AV10: d | AW10: d | AX10: d | AY10: c | AZ10: a | BA10: c | BB10: b | BC10: a | BD10: b | BE10: a | BF10: d | BG10: d | BH10: a | BI10: a | BJ10: b | BK10: a | BL10: d | BM10: a | BN10: b | BO10: b | BP10: d | BQ10: c | BR10: d | BS10: b | BT10: a | BU10: d | BV10: d | BW10: c | BX10: c | BY10: c | BZ10: a | CA10: a | CB10: b | CC10: c | CD10: c | CE10: d | CF10: c | CG10: c | CH10: d | CI10: c | CJ10: c | CK10: a | CL10: b | CM10: b | CN10: c | CO10: a | CP10: d | CQ10: d | CR10: d | CS10: d | CT10: a | CU10: b | CV10: d | CW10: c | CX10: d | CY10: c
A11: Camila Gomez | B11: 1587916838 | C11: 3860116838 | D11: d | E11: c | F11: c | G11: a | H11: b | I11: c | J11: a | K11: a | L11: a | M11: a | N11: d | O11: b | P11: a | Q11: c | R11: c | S11: b | T11: a | U11: d | V11: a | W11: b | X11: b | Y11: a | Z11: d | AA11: a | AB11: c | AC11: a | AD11: c | AE11: b | AF11: c | AG11: d | AH11: c | AI11: c | AJ11: a | AK11: c | AL11: d | AM11: d | AN11: d | AO11: b | AP11: d | AQ11: a | AR11: c | AS11: c | AT11: a | AU11: a | AV11: a | AW11: b | AX11: a | AY11: a | AZ11: c | BA11: c | BB11: b | BC11: b | BD11: d | BE11: b | BF11: a | BG11: a | BH11: c | BI11: d | BJ11: a | BK11: c | BL11: c | BM11: d | BN11: d | BO11: b | BP11: c | BQ11: b | BR11: d | BS11: b | BT11: a | BU11: d | BV11: c | BW11: d | BX11: a | BY11: a | BZ11: d | CA11: d | CB11: a | CC11: c | CD11: a | CE11: a | CF11: a | CG11: c | CH11: a | CI11: a | CJ11: b | CK11: a | CL11: a | CM11: d | CN11: a | CO11: b | CP11: b | CQ11: b | CR11: c | CS11: b | CT11: a | CU11: d | CV11: a | CW11: a | CX11: b | CY11: b
A12: Camila Perez | B12: 1532337834 | C12: 3770211809 | D12: a | E12: c | F12: c | G12: a | H12: d | I12: b | J12: c | K12: b | L12: a | M12: c | N12: c | O12: a | P12: c | Q12: d | R12: a | S12: a | T12: c | U12: c | V12: b | W12: c | X12: b | Y12: c | Z12: b | AA12: a | AB12: d | AC12: a | AD12: d | AE12: b | AF12: c | AG12: a | AH12: a | AI12: a | AJ12: a | AK12: a | AL12: a | AM12: b | AN12: c | AO12: a | AP12: b | AQ12: c | AR12: d | AS12: b | AT12: d | AU12: d | AV12: d | AW12: c | AX12: c | AY12: c | AZ12: c | BA12: d | BB12: a | BC12: b | BD12: b | BE12: b | BF12: b | BG12: d | BH12: b | BI12: b | BJ12: c | BK12: c | BL12: a | BM12: c | BN12: d | BO12: b | BP12: b | BQ12: c | BR12: c | BS12: c | BT12: d | BU12: a | BV12: c | BW12: c | BX12: d | BY12: a | BZ12: b | CA12: d | CB12: c | CC12: d | CD12: d | CE12: b | CF12: a | CG12: a | CH12: a | CI12: b | CJ12: b | CK12: d | CL12: d | CM12: d | CN12: a | CO12: b | CP12: c | CQ12: b | CR12: d | CS12: b | CT12: d | CU12: a | CV12: a | CW12: c | CX12: a | CY12: d
A13: Ana Rodriguez | B13: 1858828342 | C13: 3247821782 | D13: d | E13: b | F13: c | G13: a | H13: b | I13: c | J13: d | K13: d | L13: d | M13: a | N13: a | O13: c | P13: b | Q13: b | R13: c | S13: c | T13: c | U13: a | V13: a | W13: a | X13: c | Y13: c | Z13: b | AA13: b | AB13: d | AC13: d | AD13: d | AE13: b | AF13: d | AG13: a | AH13: d | AI13: d | AJ13: d | AK13: b | AL13: b | AM13: a | AN13: d | AO13: b | AP13: b | AQ13: c | AR13: b | AS13: b | AT13: c | AU13: b | AV13: a | AW13: c | AX13: a | AY13: b | AZ13: b | BA13: c | BB13: b | BC13: d | BD13: c | BE13: b | BF13: d | BG13: d | BH13: c | BI13: d | BJ13: a | BK13: b | BL13: d | BM13: d | BN13: b | BO13: d | BP13: d | BQ13: d | BR13: b | BS13: b | BT13: a | BU13: a | BV13: c | BW13: b | BX13: c | BY13: c | BZ13: a | CA13: c | CB13: a | CC13: b | CD13: d | CE13: b | CF13: b | CG13: b | CH13: d | CI13: c | CJ13: a | CK13: c | CL13: c | CM13: a | CN13: d | CO13: b | CP13: a | CQ13: c | CR13: d | CS13: d | CT13: c | CU13: a | CV13: a | CW13: a | CX13: a | CY13: c
... A101: Luis Lopez | B101: 1111655914 | C101: 3777125212 | D101: a | E101: d | F101: c | G101: d | H101: a | I101: c | J101: b | K101: a | L101: b | M101: c | N101: a | O101: d | P101: c | Q101: b | R101: a | S101: a | T101: a | U101: d | V101: d | W101: d | X101: a | Y101: c | Z101: b | AA101: b | AB101: a | AC101: c | AD101: b | AE101: c | AF101: c | AG101: a | AH101: c | AI101: c | AJ101: a | AK101: d | AL101: d | AM101: d | AN101: a | AO101: b | AP101: c | AQ101: c | AR101: a | AS101: b | AT101: a | AU101: d | AV101: c | AW101: d | AX101: a | AY101: b | AZ101: b | BA101: a | BB101: c | BC101: a | BD101: b | BE101: a | BF101: c | BG101: d | BH101: d | BI101: b | BJ101: b | BK101: c | BL101: d | BM101: c | BN101: b | BO101: c | BP101: d | BQ101: c | BR101: d | BS101: a | BT101: a | BU101: a | BV101: b | BW101: b | BX101: a | BY101: a | BZ101: b | CA101: d | CB101: b | CC101: d | CD101: b | CE101: b | CF101: c | CG101: b | CH101: d | CI101: c | CJ101: d | CK101: a | CL101: b | CM101: b | CN101: b | CO101: a | CP101: c | CQ101: a | CR101: b | CS101: a | CT101: d | CU101: c | CV101: b | CW101: b | CX101: c | CY101: a

Sheet Encuesta_1
A1: Análisis Pregunta 1 | G1: Análisis Pregunta 2 | M1: Análisis Pregunta 3 | S1: Análisis Pregunta 4 | Y1: Análisis Pregunta 5 | AE1: Análisis Pregunta 6 | AK1: Análisis Pregunta 7 | AQ1: Análisis Pregunta 8 | AW1: Análisis Pregunta 9 | BC1: Análisis Pregunta 10
A2: Opción | B2: Cantidad | G2: Opción | H2: Cantidad | M2: Opción | N2: Cantidad | S2: Opción | T2: Cantidad | Y2: Opción | Z2: Cantidad | AE2: Opción | AF2: Cantidad | AK2: Opción | AL2: Cantidad | AQ2: Opción | AR2: Cantidad | AW2: Opción | AX2: Cantidad | BC2: Opción | BD2: Cantidad
A3: A | B3: =COUNTIF(Base_de_Datos!D2:D101, "a") -> 25 | G3: A | H3: =COUNTIF(Base_de_Datos!E2:E101, "a") -> 26 | M3: A | N3: =COUNTIF(Base_de_Datos!F2:F101, "a") -> 26 | S3: A | T3: =COUNTIF(Base_de_Datos!G2:G101, "a") -> 28 | Y3: A | Z3: =COUNTIF(Base_de_Datos!H2:H101, "a") -> 22 | AE3: A | AF3: =COUNTIF(Base_de_Datos!I2:I101, "a") -> 24 | AK3: A | AL3: =COUNTIF(Base_de_Datos!J2:J101, "a") -> 30 | AQ3: A | AR3: =COUNTIF(Base_de_Datos!K2:K101, "a") -> 24 | AW3: A | AX3: =COUNTIF(Base_de_Datos!L2:L101, "a") -> 27 | BC3: A | BD3: =COUNTIF(Base_de_Datos!M2:M101, "a") -> 26
A4: B | B4: =COUNTIF(Base_de_Datos!D2:D101, "b") -> 26 | G4: B | H4: =COUNTIF(Base_de_Datos!E2:E101, "b") -> 33 | M4: B | N4: =COUNTIF(Base_de_Datos!F2:F101, "b") -> 25 | S4: B | T4: =COUNTIF(Base_de_Datos!G2:G101, "b") -> 31 | Y4: B | Z4: =COUNTIF(Base_de_Datos!H2:H101, "b") -> 27 | AE4: B | AF4: =COUNTIF(Base_de_Datos!I2:I101, "b") -> 28 | AK4: B | AL4: =COUNTIF(Base_de_Datos!J2:J101, "b") -> 23 | AQ4: B | AR4: =COUNTIF(Base_de_Datos!K2:K101, "b") -> 25 | AW4: B | AX4: =COUNTIF(Base_de_Datos!L2:L101, "b") -> 17 | BC4: B | BD4: =COUNTIF(Base_de_Datos!M2:M101, "b") -> 23
A5: C | B5: =COUNTIF(Base_de_Datos!D2:D101, "c") -> 31 | G5: C | H5: =COUNTIF(Base_de_Datos!E2:E101, "c") -> 21 | M5: C | N5: =COUNTIF(Base_de_Datos!F2:F101, "c") -> 26 | S5: C | T5: =COUNTIF(Base_de_Datos!G2:G101, "c") -> 22 | Y5: C | Z5: =COUNTIF(Base_de_Datos!H2:H101, "c") -> 20 | AE5: C | AF5: =COUNTIF(Base_de_Datos!I2:I101, "c") -> 32 | AK5: C | AL5: =COUNTIF(Base_de_Datos!J2:J101, "c") -> 23 | AQ5: C | AR5: =COUNTIF(Base_de_Datos!K2:K101, "c") -> 24 | AW5: C | AX5: =COUNTIF(Base_de_Datos!L2:L101, "c") -> 26 | BC5: C | BD5: =COUNTIF(Base_de_Datos!M2:M101, "c") -> 23
A6: D | B6: =COUNTIF(Base_de_Datos!D2:D101, "d") -> 18 | G6: D | H6: =COUNTIF(Base_de_Datos!E2:E101, "d") -> 20 | M6: D | N6: =COUNTIF(Base_de_Datos!F2:F101, "d") -> 23 | S6: D | T6: =COUNTIF(Base_de_Datos!G2:G101, "d") -> 19 | Y6: D | Z6: =COUNTIF(Base_de_Datos!H2:H101, "d") -> 31 | AE6: D | AF6: =COUNTIF(Base_de_Datos!I2:I101, "d") -> 16 | AK6: D | AL6: =COUNTIF(Base_de_Datos!J2:J101, "d") -> 24 | AQ6: D | AR6: =COUNTIF(Base_de_Datos!K2:K101, "d") -> 27 | AW6: D | AX6: =COUNTIF(Base_de_Datos!L2:L101, "d") -> 30 | BC6: D | BD6: =COUNTIF(Base_de_Datos!M2:M101, "d") -> 28

Sheet Encuesta_2
A1: Análisis Pregunta 1 | G1: Análisis Pregunta 2 | M1: Análisis Pregunta 3 | S1: Análisis Pregunta 4 | Y1: Análisis Pregunta 5 | AE1: Análisis Pregunta 6 | AK1: Análisis Pregunta 7 | AQ1: Análisis Pregunta 8 | AW1: Análisis Pregunta 9 | BC1: Análisis Pregunta 10
A2: Opción | B2: Cantidad | G2: Opción | H2: Cantidad | M2: Opción | N2: Cantidad | S2: Opción | T2: Cantidad | Y2: Opción | Z2: Cantidad | AE2: Opción | AF2: Cantidad | AK2: Opción | AL2: Cantidad | AQ2: Opción | AR2: Cantidad | AW2: Opción | AX2: Cantidad | BC2: Opción | BD2: Cantidad
A3: A | B3: =COUNTIF(Base_de_Datos!N2:N101, "a") -> 23 | G3: A | H3: =COUNTIF(Base_de_Datos!O2:O101, "a") -> 25 | M3: A | N3: =COUNTIF(Base_de_Datos!P2:P101, "a") -> 29 | S3: A | T3: =COUNTIF(Base_de_Datos!Q2:Q101, "a") -> 26 | Y3: A | Z3: =COUNTIF(Base_de_Datos!R2:R101, "a") -> 22 | AE3: A | AF3: =COUNTIF(Base_de_Datos!S2:S101, "a") -> 27 | AK3: A | AL3: =COUNTIF(Base_de_Datos!T2:T101, "a") -> 20 | AQ3: A | AR3: =COUNTIF(Base_de_Datos!U2:U101, "a") -> 27 | AW3: A | AX3: =COUNTIF(Base_de_Datos!V2:V101, "a") -> 22 | BC3: A | BD3: =COUNTIF(Base_de_Datos!W2:W101, "a") -> 30
A4: B | B4: =COUNTIF(Base_de_Datos!N2:N101, "b") -> 25 | G4: B | H4: =COUNTIF(Base_de_Datos!O2:O101, "b") -> 25 | M4: B | N4: =COUNTIF(Base_de_Datos!P2:P101, "b") -> 26 | S4: B | T4: =COUNTIF(Base_de_Datos!Q2:Q101, "b") -> 29 | Y4: B | Z4: =COUNTIF(Base_de_Datos!R2:R101, "b") -> 21 | AE4: B | AF4: =COUNTIF(Base_de_Datos!S2:S101, "b") -> 24 | AK4: B | AL4: =COUNTIF(Base_de_Datos!T2:T101, "b") -> 23 | AQ4: B | AR4: =COUNTIF(Base_de_Datos!U2:U101, "b") -> 23 | AW4: B | AX4: =COUNTIF(Base_de_Datos!V2:V101, "b") -> 32 | BC4: B | BD4: =COUNTIF(Base_de_Datos!W2:W101, "b") -> 18
A5: C | B5: =COUNTIF(Base_de_Datos!N2:N101, "c") -> 28 | G5: C | H5: =COUNTIF(Base_de_Datos!O2:O101, "c") -> 23 | M5: C | N5: =COUNTIF(Base_de_Datos!P2:P101, "c") -> 21 | S5: C | T5: =COUNTIF(Base_de_Datos!Q2:Q101, "c") -> 23 | Y5: C | Z5: =COUNTIF(Base_de_Datos!R2:R101, "c") -> 24 | AE5: C | AF5: =COUNTIF(Base_de_Datos!S2:S101, "c") -> 16 | AK5: C | AL5: =COUNTIF(Base_de_Datos!T2:T101, "c") -> 28 | AQ5: C | AR5: =COUNTIF(Base_de_Datos!U2:U101, "c") -> 20 | AW5: C | AX5: =COUNTIF(Base_de_Datos!V2:V101, "c") -> 20 | BC5: C | BD5: =COUNTIF(Base_de_Datos!W2:W101, "c") -> 27
A6: D | B6: =COUNTIF(Base_de_Datos!N2:N101, "d") -> 24 | G6: D | H6: =COUNTIF(Base_de_Datos!O2:O101, "d") -> 27 | M6: D | N6: =COUNTIF(Base_de_Datos!P2:P101, "d") -> 24 | S6: D | T6: =COUNTIF(Base_de_Datos!Q2:Q101, "d") -> 22 | Y6: D | Z6: =COUNTIF(Base_de_Datos!R2:R101, "d") -> 33 | AE6: D | AF6: =COUNTIF(Base_de_Datos!S2:S101, "d") -> 33 | AK6: D | AL6: =COUNTIF(Base_de_Datos!T2:T101, "d") -> 29 | AQ6: D | AR6: =COUNTIF(Base_de_Datos!U2:U101, "d") -> 30 | AW6: D | AX6: =COUNTIF(Base_de_Datos!V2:V101, "d") -> 26 | BC6: D | BD6: =COUNTIF(Base_de_Datos!W2:W101, "d") -> 25

Sheet Encuesta_3
A1: Análisis Pregunta 1 | G1: Análisis Pregunta 2 | M1: Análisis Pregunta 3 | S1: Análisis Pregunta 4 | Y1: Análisis Pregunta 5 | AE1: Análisis Pregunta 6 | AK1: Análisis Pregunta 7 | AQ1: Análisis Pregunta 8 | AW1: Análisis Pregunta 9 | BC1: Análisis Pregunta 10
A2: Opción | B2: Cantidad | G2: Opción | H2: Cantidad | M2: Opción | N2: Cantidad | S2: Opción | T2: Cantidad | Y2: Opción | Z2: Cantidad | AE2: Opción | AF2: Cantidad | AK2: Opción | AL2: Cantidad | AQ2: Opción | AR2: Cantidad | AW2: Opción | AX2: Cantidad | BC2: Opción | BD2: Cantidad
A3: A | B3: =COUNTIF(Base_de_Datos!X2:X101, "a") -> 33 | G3: A | H3: =COUNTIF(Base_de_Datos!Y2:Y101, "a") -> 22 | M3: A | N3: =COUNTIF(Base_de_Datos!Z2:Z101, "a") -> 26 | S3: A | T3: =COUNTIF(Base_de_Datos!AA2:AA101, "a") -> 33 | Y3: A | Z3: =COUNTIF(Base_de_Datos!AB2:AB101, "a") -> 17 | AE3: A | AF3: =COUNTIF(Base_de_Datos!AC2:AC101, "a") -> 28 | AK3: A | AL3: =COUNTIF(Base_de_Datos!AD2:AD101, "a") -> 26 | AQ3: A | AR3: =COUNTIF(Base_de_Datos!AE2:AE101, "a") -> 24 | AW3: A | AX3: =COUNTIF(Base_de_Datos!AF2:AF101, "a") -> 27 | BC3: A | BD3: =COUNTIF(Base_de_Datos!AG2:AG101, "a") -> 21
A4: B | B4: =COUNTIF(Base_de_Datos!X2:X101, "b") -> 29 | G4: B | H4: =COUNTIF(Base_de_Datos!Y2:Y101, "b") -> 30 | M4: B | N4: =COUNTIF(Base_de_Datos!Z2:Z101, "b") -> 23 | S4: B | T4: =COUNTIF(Base_de_Datos!AA2:AA101, "b") -> 29 | Y4: B | Z4: =COUNTIF(Base_de_Datos!AB2:AB101, "b") -> 27 | AE4: B | AF4: =COUNTIF(Base_de_Datos!AC2:AC101, "b") -> 24 | AK4: B | AL4: =COUNTIF(Base_de_Datos!AD2:AD101, "b") -> 24 | AQ4: B | AR4: =COUNTIF(Base_de_Datos!AE2:AE101, "b") -> 25 | AW4: B | AX4: =COUNTIF(Base_de_Datos!AF2:AF101, "b") -> 25 | BC4: B | BD4: =COUNTIF(Base_de_Datos!AG2:AG101, "b") -> 26
A5: C | B5: =COUNTIF(Base_de_Datos!X2:X101, "c") -> 22 | G5: C | H5: =COUNTIF(Base_de_Datos!Y2:Y101, "c") -> 27 | M5: C | N5: =COUNTIF(Base_de_Datos!Z2:Z101, "c") -> 26 | S5: C | T5: =COUNTIF(Base_de_Datos!AA2:AA101, "c") -> 19 | Y5: C | Z5: =COUNTIF(Base_de_Datos!AB2:AB101, "c") -> 27 | AE5: C | AF5: =COUNTIF(Base_de_Datos!AC2:AC101, "c") -> 25 | AK5: C | AL5: =COUNTIF(Base_de_Datos!AD2:AD101, "c") -> 23 | AQ5: C | AR5: =COUNTIF(Base_de_Datos!AE2:AE101, "c") -> 24 | AW5: C | AX5: =COUNTIF(Base_de_Datos!AF2:AF101, "c") -> 23 | BC5: C | BD5: =COUNTIF(Base_de_Datos!AG2:AG101, "c") -> 26
A6: D | B6: =COUNTIF(Base_de_Datos!X2:X101, "d") -> 16 | G6: D | H6: =COUNTIF(Base_de_Datos!Y2:Y101, "d") -> 21 | M6: D | N6: =COUNTIF(Base_de_Datos!Z2:Z101, "d") -> 25 | S6: D | T6: =COUNTIF(Base_de_Datos!AA2:AA101, "d") -> 19 | Y6: D | Z6: =COUNTIF(Base_de_Datos!AB2:AB101, "d") -> 29 | AE6: D | AF6: =COUNTIF(Base_de_Datos!AC2:AC101, "d") -> 23 | AK6: D | AL6: =COUNTIF(Base_de_Datos!AD2:AD101, "d") -> 27 | AQ6: D | AR6: =COUNTIF(Base_de_Datos!AE2:AE101, "d") -> 27 | AW6: D | AX6: =COUNTIF(Base_de_Datos!AF2:AF101, "d") -> 25 | BC6: D | BD6: =COUNTIF(Base_de_Datos!AG2:AG101, "d") -> 27

Sheet Encuesta_4
A1: Análisis Pregunta 1 | G1: Análisis Pregunta 2 | M1: Análisis Pregunta 3 | S1: Análisis Pregunta 4 | Y1: Análisis Pregunta 5 | AE1: Análisis Pregunta 6 | AK1: Análisis Pregunta 7 | AQ1: Análisis Pregunta 8 | AW1: Análisis Pregunta 9 | BC1: Análisis Pregunta 10
A2: Opción | B2: Cantidad | G2: Opción | H2: Cantidad | M2: Opción | N2: Cantidad | S2: Opción | T2: Cantidad | Y2: Opción | Z2: Cantidad | AE2: Opción | AF2: Cantidad | AK2: Opción | AL2: Cantidad | AQ2: Opción | AR2: Cantidad | AW2: Opción | AX2: Cantidad | BC2: Opción | BD2: Cantidad
A3: A | B3: =COUNTIF(Base_de_Datos!AH2:AH101, "a") -> 20 | G3: A | H3: =COUNTIF(Base_de_Datos!AI2:AI101, "a") -> 34 | M3: A | N3: =COUNTIF(Base_de_Datos!AJ2:AJ101, "a") -> 32 | S3: A | T3: =COUNTIF(Base_de_Datos!AK2:AK101, "a") -> 24 | Y3: A | Z3: =COUNTIF(Base_de_Datos!AL2:AL101, "a") -> 23 | AE3: A | AF3: =COUNTIF(Base_de_Datos!AM2:AM101, "a") -> 26 | AK3: A | AL3: =COUNTIF(Base_de_Datos!AN2:AN101, "a") -> 27 | AQ3: A | AR3: =COUNTIF(Base_de_Datos!AO2:AO101, "a") -> 25 | AW3: A | AX3: =COUNTIF(Base_de_Datos!AP2:AP101, "a") -> 20 | BC3: A | BD3: =COUNTIF(Base_de_Datos!AQ2:AQ101, "a") -> 25
A4: B | B4: =COUNTIF(Base_de_Datos!AH2:AH101, "b") -> 24 | G4: B | H4: =COUNTIF(Base_de_Datos!AI2:AI101, "b") -> 13 | M4: B | N4: =COUNTIF(Base_de_Datos!AJ2:AJ101, "b") -> 23 | S4: B | T4: =COUNTIF(Base_de_Datos!AK2:AK101, "b") -> 26 | Y4: B | Z4: =COUNTIF(Base_de_Datos!AL2:AL101, "b") -> 30 | AE4: B | AF4: =COUNTIF(Base_de_Datos!AM2:AM101, "b") -> 25 | AK4: B | AL4: =COUNTIF(Base_de_Datos!AN2:AN101, "b") -> 20 | AQ4: B | AR4: =COUNTIF(Base_de_Datos!AO2:AO101, "b") -> 25 | AW4: B | AX4: =COUNTIF(Base_de_Datos!AP2:AP101, "b") -> 37 | BC4: B | BD4: =COUNTIF(Base_de_Datos!AQ2:AQ101, "b") -> 22
A5: C | B5: =COUNTIF(Base_de_Datos!AH2:AH101, "c") -> 22 | G5: C | H5: =COUNTIF(Base_de_Datos!AI2:AI101, "c") -> 30 | M5: C | N5: =COUNTIF(Base_de_Datos!AJ2:AJ101, "c") -> 26 | S5: C | T5: =COUNTIF(Base_de_Datos!AK2:AK101, "c") -> 26 | Y5: C | Z5: =COUNTIF(Base_de_Datos!AL2:AL101, "c") -> 19 | AE5: C | AF5: =COUNTIF(Base_de_Datos!AM2:AM101, "c") -> 21 | AK5: C | AL5: =COUNTIF(Base_de_Datos!AN2:AN101, "c") -> 29 | AQ5: C | AR5: =COUNTIF(Base_de_Datos!AO2:AO101, "c") -> 24 | AW5: C | AX5: =COUNTIF(Base_de_Datos!AP2:AP101, "c") -> 24 | BC5: C | BD5: =COUNTIF(Base_de_Datos!AQ2:AQ101, "c") -> 27
A6: D | B6: =COUNTIF(Base_de_Datos!AH2:AH101, "d") -> 34 | G6: D | H6: =COUNTIF(Base_de_Datos!AI2:AI101, "d") -> 23 | M6: D | N6: =COUNTIF(Base_de_Datos!AJ2:AJ101, "d") -> 19 | S6: D | T6: =COUNTIF(Base_de_Datos!AK2:AK101, "d") -> 24 | Y6: D | Z6: =COUNTIF(Base_de_Datos!AL2:AL101, "d") -> 28 | AE6: D | AF6: =COUNTIF(Base_de_Datos!AM2:AM101, "d") -> 28 | AK6: D | AL6: =COUNTIF(Base_de_Datos!AN2:AN101, "d") -> 24 | AQ6: D | AR6: =COUNTIF(Base_de_Datos!AO2:AO101, "d") -> 26 | AW6: D | AX6: =COUNTIF(Base_de_Datos!AP2:AP101, "d") -> 19 | BC6: D | BD6: =COUNTIF(Base_de_Datos!AQ2:AQ101, "d") -> 26

Sheet Encuesta_5
A1: Análisis Pregunta 1 | G1: Análisis Pregunta 2 | M1: Análisis Pregunta 3 | S1: Análisis Pregunta 4 | Y1: Análisis Pregunta 5 | AE1: Análisis Pregunta 6 | AK1: Análisis Pregunta 7 | AQ1: Análisis Pregunta 8 | AW1: Análisis Pregunta 9 | BC1: Análisis Pregunta 10
A2: Opción | B2: Cantidad | G2: Opción | H2: Cantidad | M2: Opción | N2: Cantidad | S2: Opción | T2: Cantidad | Y2: Opción | Z2: Cantidad | AE2: Opción | AF2: Cantidad | AK2: Opción | AL2: Cantidad | AQ2: Opción | AR2: Cantidad | AW2: Opción | AX2: Cantidad | BC2: Opción | BD2: Cantidad
A3: A | B3: =COUNTIF(Base_de_Datos!AR2:AR101, "a") -> 19 | G3: A | H3: =COUNTIF(Base_de_Datos!AS2:AS101, "a") -> 27 | M3: A | N3: =COUNTIF(Base_de_Datos!AT2:AT101, "a") -> 24 | S3: A | T3: =COUNTIF(Base_de_Datos!AU2:AU101, "a") -> 24 | Y3: A | Z3: =COUNTIF(Base_de_Datos!AV2:AV101, "a") -> 26 | AE3: A | AF3: =COUNTIF(Base_de_Datos!AW2:AW101, "a") -> 21 | AK3: A | AL3: =COUNTIF(Base_de_Datos!AX2:AX101, "a") -> 27 | AQ3: A | AR3: =COUNTIF(Base_de_Datos!AY2:AY101, "a") -> 26 | AW3: A | AX3: =COUNTIF(Base_de_Datos!AZ2:AZ101, "a") -> 22 | BC3: A | BD3: =COUNTIF(Base_de_Datos!BA2:BA101, "a") -> 22
A4: B | B4: =COUNTIF(Base_de_Datos!AR2:AR101, "b") -> 23 | G4: B | H4: =COUNTIF(Base_de_Datos!AS2:AS101, "b") -> 25 | M4: B | N4: =COUNTIF(Base_de_Datos!AT2:AT101, "b") -> 19 | S4: B | T4: =COUNTIF(Base_de_Datos!AU2:AU101, "b") -> 22 | Y4: B | Z4: =COUNTIF(Base_de_Datos!AV2:AV101, "b") -> 28 | AE4: B | AF4: =COUNTIF(Base_de_Datos!AW2:AW101, "b") -> 30 | AK4: B | AL4: =COUNTIF(Base_de_Datos!AX2:AX101, "b") -> 24 | AQ4: B | AR4: =COUNTIF(Base_de_Datos!AY2:AY101, "b") -> 26 | AW4: B | AX4: =COUNTIF(Base_de_Datos!AZ2:AZ101, "b") -> 36 | BC4: B | BD4: =COUNTIF(Base_de_Datos!BA2:BA101, "b") -> 22
A5: C | B5: =COUNTIF(Base_de_Datos!AR2:AR101, "c") -> 33 | G5: C | H5: =COUNTIF(Base_de_Datos!AS2:AS101, "c") -> 28 | M5: C | N5: =COUNTIF(Base_de_Datos!AT2:AT101, "c") -> 27 | S5: C | T5: =COUNTIF(Base_de_Datos!AU2:AU101, "c") -> 26 | Y5: C | Z5: =COUNTIF(Base_de_Datos!AV2:AV101, "c") -> 22 | AE5: C | AF5: =COUNTIF(Base_de_Datos!AW2:AW101, "c") -> 27 | AK5: C | AL5: =COUNTIF(Base_de_Datos!AX2:AX101, "c") -> 25 | AQ5: C | AR5: =COUNTIF(Base_de_Datos!AY2:AY101, "c") -> 26 | AW5: C | AX5: =COUNTIF(Base_de_Datos!AZ2:AZ101, "c") -> 21 | BC5: C | BD5: =COUNTIF(Base_de_Datos!BA2:BA101, "c") -> 26
A6: D | B6: =COUNTIF(Base_de_Datos!AR2:AR101, "d") -> 25 | G6: D | H6: =COUNTIF(Base_de_Datos!AS2:AS101, "d") -> 20 | M6: D | N6: =COUNTIF(Base_de_Datos!AT2:AT101, "d") -> 30 | S6: D | T6: =COUNTIF(Base_de_Datos!AU2:AU101, "d") -> 28 | Y6: D | Z6: =COUNTIF(Base_de_Datos!AV2:AV101, "d") -> 24 | AE6: D | AF6: =COUNTIF(Base_de_Datos!AW2:AW101, "d") -> 22 | AK6: D | AL6: =COUNTIF(Base_de_Datos!AX2:AX101, "d") -> 24 | AQ6: D | AR6: =COUNTIF(Base_de_Datos!AY2:AY101, "d") -> 22 | AW6: D | AX6: =COUNTIF(Base_de_Datos!AZ2:AZ101, "d") -> 21 | BC6: D | BD6: =COUNTIF(Base_de_Datos!BA2:BA101, "d") -> 30

Sheet Encuesta_6
A1: Análisis Pregunta 1 | G1: Análisis Pregunta 2 | M1: Análisis Pregunta 3 | S1: Análisis Pregunta 4 | Y1: Análisis Pregunta 5 | AE1: Análisis Pregunta 6 | AK1: Análisis Pregunta 7 | AQ1: Análisis Pregunta 8 | AW1: Análisis Pregunta 9 | BC1: Análisis Pregunta 10
A2: Opción | B2: Cantidad | G2: Opción | H2: Cantidad | M2: Opción | N2: Cantidad | S2: Opción | T2: Cantidad | Y2: Opción | Z2: Cantidad | AE2: Opción | AF2: Cantidad | AK2: Opción | AL2: Cantidad | AQ2: Opción | AR2: Cantidad | AW2: Opción | AX2: Cantidad | BC2: Opción | BD2: Cantidad
A3: A | B3: =COUNTIF(Base_de_Datos!BB2:BB101, "a") -> 24 | G3: A | H3: =COUNTIF(Base_de_Datos!BC2:BC101, "a") -> 33 | M3: A | N3: =COUNTIF(Base_de_Datos!BD2:BD101, "a") -> 26 | S3: A | T3: =COUNTIF(Base_de_Datos!BE2:BE101, "a") -> 28 | Y3: A | Z3: =COUNTIF(Base_de_Datos!BF2:BF101, "a") -> 37 | AE3: A | AF3: =COUNTIF(Base_de_Datos!BG2:BG101, "a") -> 28 | AK3: A | AL3: =COUNTIF(Base_de_Datos!BH2:BH101, "a") -> 23 | AQ3: A | AR3: =COUNTIF(Base_de_Datos!BI2:BI101, "a") -> 16 | AW3: A | AX3: =COUNTIF(Base_de_Datos!BJ2:BJ101, "a") -> 29 | BC3: A | BD3: =COUNTIF(Base_de_Datos!BK2:BK101, "a") -> 25
A4: B | B4: =COUNTIF(Base_de_Datos!BB2:BB101, "b") -> 31 | G4: B | H4: =COUNTIF(Base_de_Datos!BC2:BC101, "b") -> 18 | M4: B | N4: =COUNTIF(Base_de_Datos!BD2:BD101, "b") -> 26 | S4: B | T4: =COUNTIF(Base_de_Datos!BE2:BE101, "b") -> 26 | Y4: B | Z4: =COUNTIF(Base_de_Datos!BF2:BF101, "b") -> 26 | AE4: B | AF4: =COUNTIF(Base_de_Datos!BG2:BG101, "b") -> 22 | AK4: B | AL4: =COUNTIF(Base_de_Datos!BH2:BH101, "b") -> 32 | AQ4: B | AR4: =COUNTIF(Base_de_Datos!BI2:BI101, "b") -> 36 | AW4: B | AX4: =COUNTIF(Base_de_Datos!BJ2:BJ101, "b") -> 31 | BC4: B | BD4: =COUNTIF(Base_de_Datos!BK2:BK101, "b") -> 23
A5: C | B5: =COUNTIF(Base_de_Datos!BB2:BB101, "c") -> 17 | G5: C | H5: =COUNTIF(Base_de_Datos!BC2:BC101, "c") -> 30 | M5: C | N5: =COUNTIF(Base_de_Datos!BD2:BD101, "c") -> 25 | S5: C | T5: =COUNTIF(Base_de_Datos!BE2:BE101, "c") -> 26 | Y5: C | Z5: =COUNTIF(Base_de_Datos!BF2:BF101, "c") -> 20 | AE5: C | AF5: =COUNTIF(Base_de_Datos!BG2:BG101, "c") -> 20 | AK5: C | AL5: =COUNTIF(Base_de_Datos!BH2:BH101, "c") -> 20 | AQ5: C | AR5: =COUNTIF(Base_de_Datos!BI2:BI101, "c") -> 21 | AW5: C | AX5: =COUNTIF(Base_de_Datos!BJ2:BJ101, "c") -> 23 | BC5: C | BD5: =COUNTIF(Base_de_Datos!BK2:BK101, "c") -> 25
A6: D | B6: =COUNTIF(Base_de_Datos!BB2:BB101, "d") -> 28 | G6: D | H6: =COUNTIF(Base_de_Datos!BC2:BC101, "d") -> 19 | M6: D | N6: =COUNTIF(Base_de_Datos!BD2:BD101, "d") -> 23 | S6: D | T6: =COUNTIF(Base_de_Datos!BE2:BE101, "d") -> 20 | Y6: D | Z6: =COUNTIF(Base_de_Datos!BF2:BF101, "d") -> 17 | AE6: D | AF6: =COUNTIF(Base_de_Datos!BG2:BG101, "d") -> 30 | AK6: D | AL6: =COUNTIF(Base_de_Datos!BH2:BH101, "d") -> 25 | AQ6: D | AR6: =COUNTIF(Base_de_Datos!BI2:BI101, "d") -> 27 | AW6: D | AX6: =COUNTIF(Base_de_Datos!BJ2:BJ101, "d") -> 17 | BC6: D | BD6: =COUNTIF(Base_de_Datos!BK2:BK101, "d") -> 27

Sheet Encuesta_7
A1: Análisis Pregunta 1 | G1: Análisis Pregunta 2 | M1: Análisis Pregunta 3 | S1: Análisis Pregunta 4 | Y1: Análisis Pregunta 5 | AE1: Análisis Pregunta 6 | AK1: Análisis Pregunta 7 | AQ1: Análisis Pregunta 8 | AW1: Análisis Pregunta 9 | BC1: Análisis Pregunta 10
A2: Opción | B2: Cantidad | G2: Opción | H2: Cantidad | M2: Opción | N2: Cantidad | S2: Opción | T2: Cantidad | Y2: Opción | Z2: Cantidad | AE2: Opción | AF2: Cantidad | AK2: Opción | AL2: Cantidad | AQ2: Opción | AR2: Cantidad | AW2: Opción | AX2: Cantidad | BC2: Opción | BD2: Cantidad
A3: A | B3: =COUNTIF(Base_de_Datos!BL2:BL101, "a") -> 26 | G3: A | H3: =COUNTIF(Base_de_Datos!BM2:BM101, "a") -> 22 | M3: A | N3: =COUNTIF(Base_de_Datos!BN2:BN101, "a") -> 24 | S3: A | T3: =COUNTIF(Base_de_Datos!BO2:BO101, "a") -> 25 | Y3: A | Z3: =COUNTIF(Base_de_Datos!BP2:BP101, "a") -> 23 | AE3: A | AF3: =COUNTIF(Base_de_Datos!BQ2:BQ101, "a") -> 21 | AK3: A | AL3: =COUNTIF(Base_de_Datos!BR2:BR101, "a") -> 24 | AQ3: A | AR3: =COUNTIF(Base_de_Datos!BS2:BS101, "a") -> 23 | AW3: A | AX3: =COUNTIF(Base_de_Datos!BT2:BT101, "a") -> 30 | BC3: A | BD3: =COUNTIF(Base_de_Datos!BU2:BU101, "a") -> 30
A4: B | B4: =COUNTIF(Base_de_Datos!BL2:BL101, "b") -> 23 | G4: B | H4: =COUNTIF(Base_de_Datos!BM2:BM101, "b") -> 26 | M4: B | N4: =COUNTIF(Base_de_Datos!BN2:BN101, "b") -> 20 | S4: B | T4: =COUNTIF(Base_de_Datos!BO2:BO101, "b") -> 27 | Y4: B | Z4: =COUNTIF(Base_de_Datos!BP2:BP101, "b") -> 22 | AE4: B | AF4: =COUNTIF(Base_de_Datos!BQ2:BQ101, "b") -> 24 | AK4: B | AL4: =COUNTIF(Base_de_Datos!BR2:BR101, "b") -> 28 | AQ4: B | AR4: =COUNTIF(Base_de_Datos!BS2:BS101, "b") -> 20 | AW4: B | AX4: =COUNTIF(Base_de_Datos!BT2:BT101, "b") -> 26 | BC4: B | BD4: =COUNTIF(Base_de_Datos!BU2:BU101, "b") -> 22
A5: C | B5: =COUNTIF(Base_de_Datos!BL2:BL101, "c") -> 22 | G5: C | H5: =COUNTIF(Base_de_Datos!BM2:BM101, "c") -> 25 | M5: C | N5: =COUNTIF(Base_de_Datos!BN2:BN101, "c") -> 28 | S5: C | T5: =COUNTIF(Base_de_Datos!BO2:BO101, "c") -> 29 | Y5: C | Z5: =COUNTIF(Base_de_Datos!BP2:BP101, "c") -> 32 | AE5: C | AF5: =COUNTIF(Base_de_Datos!BQ2:BQ101, "c") -> 31 | AK5: C | AL5: =COUNTIF(Base_de_Datos!BR2:BR101, "c") -> 28 | AQ5: C | AR5: =COUNTIF(Base_de_Datos!BS2:BS101, "c") -> 32 | AW5: C | AX5: =COUNTIF(Base_de_Datos!BT2:BT101, "c") -> 20 | BC5: C | BD5: =COUNTIF(Base_de_Datos!BU2:BU101, "c") -> 24
A6: D | B6: =COUNTIF(Base_de_Datos!BL2:BL101, "d") -> 29 | G6: D | H6: =COUNTIF(Base_de_Datos!BM2:BM101, "d") -> 27 | M6: D | N6: =COUNTIF(Base_de_Datos!BN2:BN101, "d") -> 28 | S6: D | T6: =COUNTIF(Base_de_Datos!BO2:BO101, "d") -> 19 | Y6: D | Z6: =COUNTIF(Base_de_Datos!BP2:BP101, "d") -> 23 | AE6: D | AF6: =COUNTIF(Base_de_Datos!BQ2:BQ101, "d") -> 24 | AK6: D | AL6: =COUNTIF(Base_de_Datos!BR2:BR101, "d") -> 20 | AQ6: D | AR6: =COUNTIF(Base_de_Datos!BS2:BS101, "d") -> 25 | AW6: D | AX6: =COUNTIF(Base_de_Datos!BT2:BT101, "d") -> 24 | BC6: D | BD6: =COUNTIF(Base_de_Datos!BU2:BU101, "d") -> 24

Sheet Encuesta_8
A1: Análisis Pregunta 1 | G1: Análisis Pregunta 2 | M1: Análisis Pregunta 3 | S1: Análisis Pregunta 4 | Y1: Análisis Pregunta 5 | AE1: Análisis Pregunta 6 | AK1: Análisis Pregunta 7 | AQ1: Análisis Pregunta 8 | AW1: Análisis Pregunta 9 | BC1: Análisis Pregunta 10
A2: Opción | B2: Cantidad | G2: Opción | H2: Cantidad | M2: Opción | N2: Cantidad | S2: Opción | T2: Cantidad | Y2: Opción | Z2: Cantidad | AE2: Opción | AF2: Cantidad | AK2: Opción | AL2: Cantidad | AQ2: Opción | AR2: Cantidad | AW2: Opción | AX2: Cantidad | BC2: Opción | BD2: Cantidad
A3: A | B3: =COUNTIF(Base_de_Datos!BV2:BV101, "a") -> 28 | G3: A | H3: =COUNTIF(Base_de_Datos!BW2:BW101, "a") -> 29 | M3: A | N3: =COUNTIF(Base_de_Datos!BX2:BX101, "a") -> 33 | S3: A | T3: =COUNTIF(Base_de_Datos!BY2:BY101, "a") -> 29 | Y3: A | Z3: =COUNTIF(Base_de_Datos!BZ2:BZ101, "a") -> 29 | AE3: A | AF3: =COUNTIF(Base_de_Datos!CA2:CA101, "a") -> 24 | AK3: A | AL3: =COUNTIF(Base_de_Datos!CB2:CB101, "a") -> 25 | AQ3: A | AR3: =COUNTIF(Base_de_Datos!CC2:CC101, "a") -> 20 | AW3: A | AX3: =COUNTIF(Base_de_Datos!CD2:CD101, "a") -> 23 | BC3: A | BD3: =COUNTIF(Base_de_Datos!CE2:CE101, "a") -> 26
A4: B | B4: =COUNTIF(Base_de_Datos!BV2:BV101, "b") -> 18 | G4: B | H4: =COUNTIF(Base_de_Datos!BW2:BW101, "b") -> 27 | M4: B | N4: =COUNTIF(Base_de_Datos!BX2:BX101, "b") -> 19 | S4: B | T4: =COUNTIF(Base_de_Datos!BY2:BY101, "b") -> 28 | Y4: B | Z4: =COUNTIF(Base_de_Datos!BZ2:BZ101, "b") -> 26 | AE4: B | AF4: =COUNTIF(Base_de_Datos!CA2:CA101, "b") -> 26 | AK4: B | AL4: =COUNTIF(Base_de_Datos!CB2:CB101, "b") -> 25 | AQ4: B | AR4: =COUNTIF(Base_de_Datos!CC2:CC101, "b") -> 21 | AW4: B | AX4: =COUNTIF(Base_de_Datos!CD2:CD101, "b") -> 24 | BC4: B | BD4: =COUNTIF(Base_de_Datos!CE2:CE101, "b") -> 31
A5: C | B5: =COUNTIF(Base_de_Datos!BV2:BV101, "c") -> 28 | G5: C | H5: =COUNTIF(Base_de_Datos!BW2:BW101, "c") -> 25 | M5: C | N5: =COUNTIF(Base_de_Datos!BX2:BX101, "c") -> 20 | S5: C | T5: =COUNTIF(Base_de_Datos!BY2:BY101, "c") -> 22 | Y5: C | Z5: =COUNTIF(Base_de_Datos!BZ2:BZ101, "c") -> 20 | AE5: C | AF5: =COUNTIF(Base_de_Datos!CA2:CA101, "c") -> 24 | AK5: C | AL5: =COUNTIF(Base_de_Datos!CB2:CB101, "c") -> 26 | AQ5: C | AR5: =COUNTIF(Base_de_Datos!CC2:CC101, "c") -> 29 | AW5: C | AX5: =COUNTIF(Base_de_Datos!CD2:CD101, "c") -> 26 | BC5: C | BD5: =COUNTIF(Base_de_Datos!CE2:CE101, "c") -> 21
A6: D | B6: =COUNTIF(Base_de_Datos!BV2:BV101, "d") -> 26 | G6: D | H6: =COUNTIF(Base_de_Datos!BW2:BW101, "d") -> 19 | M6: D | N6: =COUNTIF(Base_de_Datos!BX2:BX101, "d") -> 28 | S6: D | T6: =COUNTIF(Base_de_Datos!BY2:BY101, "d") -> 21 | Y6: D | Z6: =COUNTIF(Base_de_Datos!BZ2:BZ101, "d") -> 25 | AE6: D | AF6: =COUNTIF(Base_de_Datos!CA2:CA101, "d") -> 26 | AK6: D | AL6: =COUNTIF(Base_de_Datos!CB2:CB101, "d") -> 24 | AQ6: D | AR6: =COUNTIF(Base_de_Datos!CC2:CC101, "d") -> 30 | AW6: D | AX6: =COUNTIF(Base_de_Datos!CD2:CD101, "d") -> 27 | BC6: D | BD6: =COUNTIF(Base_de_Datos!CE2:CE101, "d") -> 22

Sheet Encuesta_9
A1: Análisis Pregunta 1 | G1: Análisis Pregunta 2 | M1: Análisis Pregunta 3 | S1: Análisis Pregunta 4 | Y1: Análisis Pregunta 5 | AE1: Análisis Pregunta 6 | AK1: Análisis Pregunta 7 | AQ1: Análisis Pregunta 8 | AW1: Análisis Pregunta 9 | BC1: Análisis Pregunta 10
A2: Opción | B2: Cantidad | G2: Opción | H2: Cantidad | M2: Opción | N2: Cantidad | S2: Opción | T2: Cantidad | Y2: Opción | Z2: Cantidad | AE2: Opción | AF2: Cantidad | AK2: Opción | AL2: Cantidad | AQ2: Opción | AR2: Cantidad | AW2: Opción | AX2: Cantidad | BC2: Opción | BD2: Cantidad
A3: A | B3: =COUNTIF(Base_de_Datos!CF2:CF101, "a") -> 24 | G3: A | H3: =COUNTIF(Base_de_Datos!CG2:CG101, "a") -> 22 | M3: A | N3: =COUNTIF(Base_de_Datos!CH2:CH101, "a") -> 29 | S3: A | T3: =COUNTIF(Base_de_Datos!CI2:CI101, "a") -> 26 | Y3: A | Z3: =COUNTIF(Base_de_Datos!CJ2:CJ101, "a") -> 30 | AE3: A | AF3: =COUNTIF(Base_de_Datos!CK2:CK101, "a") -> 29 | AK3: A | AL3: =COUNTIF(Base_de_Datos!CL2:CL101, "a") -> 19 | AQ3: A | AR3: =COUNTIF(Base_de_Datos!CM2:CM101, "a") -> 23 | AW3: A | AX3: =COUNTIF(Base_de_Datos!CN2:CN101, "a") -> 24 | BC3: A | BD3: =COUNTIF(Base_de_Datos!CO2:CO101, "a") -> 26
A4: B | B4: =COUNTIF(Base_de_Datos!CF2:CF101, "b") -> 25 | G4: B | H4: =COUNTIF(Base_de_Datos!CG2:CG101, "b") -> 29 | M4: B | N4: =COUNTIF(Base_de_Datos!CH2:CH101, "b") -> 22 | S4: B | T4: =COUNTIF(Base_de_Datos!CI2:CI101, "b") -> 22 | Y4: B | Z4: =COUNTIF(Base_de_Datos!CJ2:CJ101, "b") -> 24 | AE4: B | AF4: =COUNTIF(Base_de_Datos!CK2:CK101, "b") -> 21 | AK4: B | AL4: =COUNTIF(Base_de_Datos!CL2:CL101, "b") -> 32 | AQ4: B | AR4: =COUNTIF(Base_de_Datos!CM2:CM101, "b") -> 22 | AW4: B | AX4: =COUNTIF(Base_de_Datos!CN2:CN101, "b") -> 30 | BC4: B | BD4: =COUNTIF(Base_de_Datos!CO2:CO101, "b") -> 29
A5: C | B5: =COUNTIF(Base_de_Datos!CF2:CF101, "c") -> 30 | G5: C | H5: =COUNTIF(Base_de_Datos!CG2:CG101, "c") -> 21 | M5: C | N5: =COUNTIF(Base_de_Datos!CH2:CH101, "c") -> 21 | S5: C | T5: =COUNTIF(Base_de_Datos!CI2:CI101, "c") -> 27 | Y5: C | Z5: =COUNTIF(Base_de_Datos!CJ2:CJ101, "c") -> 27 | AE5: C | AF5: =COUNTIF(Base_de_Datos!CK2:CK101, "c") -> 20 | AK5: C | AL5: =COUNTIF(Base_de_Datos!CL2:CL101, "c") -> 24 | AQ5: C | AR5: =COUNTIF(Base_de_Datos!CM2:CM101, "c") -> 25 | AW5: C | AX5: =COUNTIF(Base_de_Datos!CN2:CN101, "c") -> 28 | BC5: C | BD5: =COUNTIF(Base_de_Datos!CO2:CO101, "c") -> 26
A6: D | B6: =COUNTIF(Base_de_Datos!CF2:CF101, "d") -> 21 | G6: D | H6: =COUNTIF(Base_de_Datos!CG2:CG101, "d") -> 28 | M6: D | N6: =COUNTIF(Base_de_Datos!CH2:CH101, "d") -> 28 | S6: D | T6: =COUNTIF(Base_de_Datos!CI2:CI101, "d") -> 25 | Y6: D | Z6: =COUNTIF(Base_de_Datos!CJ2:CJ101, "d") -> 19 | AE6: D | AF6: =COUNTIF(Base_de_Datos!CK2:CK101, "d") -> 30 | AK6: D | AL6: =COUNTIF(Base_de_Datos!CL2:CL101, "d") -> 25 | AQ6: D | AR6: =COUNTIF(Base_de_Datos!CM2:CM101, "d") -> 30 | AW6: D | AX6: =COUNTIF(Base_de_Datos!CN2:CN101, "d") -> 18 | BC6: D | BD6: =COUNTIF(Base_de_Datos!CO2:CO101, "d") -> 19

Sheet Encuesta_10
A1: Análisis Pregunta 1 | G1: Análisis Pregunta 2 | M1: Análisis Pregunta 3 | S1: Análisis Pregunta 4 | Y1: Análisis Pregunta 5 | AE1: Análisis Pregunta 6 | AK1: Análisis Pregunta 7 | AQ1: Análisis Pregunta 8 | AW1: Análisis Pregunta 9 | BC1: Análisis Pregunta 10
A2: Opción | B2: Cantidad | G2: Opción | H2: Cantidad | M2: Opción | N2: Cantidad | S2: Opción | T2: Cantidad | Y2: Opción | Z2: Cantidad | AE2: Opción | AF2: Cantidad | AK2: Opción | AL2: Cantidad | AQ2: Opción | AR2: Cantidad | AW2: Opción | AX2: Cantidad | BC2: Opción | BD2: Cantidad
A3: A | B3: =COUNTIF(Base_de_Datos!CP2:CP101, "a") -> 21 | G3: A | H3: =COUNTIF(Base_de_Datos!CQ2:CQ101, "a") -> 17 | M3: A | N3: =COUNTIF(Base_de_Datos!CR2:CR101, "a") -> 20 | S3: A | T3: =COUNTIF(Base_de_Datos!CS2:CS101, "a") -> 22 | Y3: A | Z3: =COUNTIF(Base_de_Datos!CT2:CT101, "a") -> 23 | AE3: A | AF3: =COUNTIF(Base_de_Datos!CU2:CU101, "a") -> 25 | AK3: A | AL3: =COUNTIF(Base_de_Datos!CV2:CV101, "a") -> 27 | AQ3: A | AR3: =COUNTIF(Base_de_Datos!CW2:CW101, "a") -> 25 | AW3: A | AX3: =COUNTIF(Base_de_Datos!CX2:CX101, "a") -> 26 | BC3: A | BD3: =COUNTIF(Base_de_Datos!CY2:CY101, "a") -> 27
A4: B | B4: =COUNTIF(Base_de_Datos!CP2:CP101, "b") -> 24 | G4: B | H4: =COUNTIF(Base_de_Datos!CQ2:CQ101, "b") -> 31 | M4: B | N4: =COUNTIF(Base_de_Datos!CR2:CR101, "b") -> 25 | S4: B | T4: =COUNTIF(Base_de_Datos!CS2:CS101, "b") -> 21 | Y4: B | Z4: =COUNTIF(Base_de_Datos!CT2:CT101, "b") -> 26 | AE4: B | AF4: =COUNTIF(Base_de_Datos!CU2:CU101, "b") -> 28 | AK4: B | AL4: =COUNTIF(Base_de_Datos!CV2:CV101, "b") -> 25 | AQ4: B | AR4: =COUNTIF(Base_de_Datos!CW2:CW101, "b") -> 28 | AW4: B | AX4: =COUNTIF(Base_de_Datos!CX2:CX101, "b") -> 24 | BC4: B | BD4: =COUNTIF(Base_de_Datos!CY2:CY101, "b") -> 27
A5: C | B5: =COUNTIF(Base_de_Datos!CP2:CP101, "c") -> 26 | G5: C | H5: =COUNTIF(Base_de_Datos!CQ2:CQ101, "c") -> 21 | M5: C | N5: =COUNTIF(Base_de_Datos!CR2:CR101, "c") -> 30 | S5: C | T5: =COUNTIF(Base_de_Datos!CS2:CS101, "c") -> 26 | Y5: C | Z5: =COUNTIF(Base_de_Datos!CT2:CT101, "c") -> 25 | AE5: C | AF5: =COUNTIF(Base_de_Datos!CU2:CU101, "c") -> 20 | AK5: C | AL5: =COUNTIF(Base_de_Datos!CV2:CV101, "c") -> 21 | AQ5: C | AR5: =COUNTIF(Base_de_Datos!CW2:CW101, "c") -> 24 | AW5: C | AX5: =COUNTIF(Base_de_Datos!CX2:CX101, "c") -> 29 | BC5: C | BD5: =COUNTIF(Base_de_Datos!CY2:CY101, "c") -> 26
A6: D | B6: =COUNTIF(Base_de_Datos!CP2:CP101, "d") -> 29 | G6: D | H6: =COUNTIF(Base_de_Datos!CQ2:CQ101, "d") -> 31 | M6: D | N6: =COUNTIF(Base_de_Datos!CR2:CR101, "d") -> 25 | S6: D | T6: =COUNTIF(Base_de_Datos!CS2:CS101, "d") -> 31 | Y6: D | Z6: =COUNTIF(Base_de_Datos!CT2:CT101, "d") -> 26 | AE6: D | AF6: =COUNTIF(Base_de_Datos!CU2:CU101, "d") -> 27 | AK6: D | AL6: =COUNTIF(Base_de_Datos!CV2:CV101, "d") -> 27 | AQ6: D | AR6: =COUNTIF(Base_de_Datos!CW2:CW101, "d") -> 23 | AW6: D | AX6: =COUNTIF(Base_de_Datos!CX2:CX101, "d") -> 21 | BC6: D | BD6: =COUNTIF(Base_de_Datos!CY2:CY101, "d") -> 20
